tome,slug,isbn_papier,prix_eur,format,pages,public
T00,t00-le-grand-carnet-des-idees,9798246395424,10,"carré environ 15 × 15 cm",38,"dès 7 ans"
T01,t01-les-marchands-de-chandelles,9798278862888,10,"carré environ 15 × 15 cm",38,"dès 7 ans"
T02,t02-la-vitre-magique,9798278975489,10,"carré environ 15 × 15 cm",38,"dès 7 ans"
T03,t03-la-grande-fabrique-des-regles,9798278977070,10,"carré environ 15 × 15 cm",38,"dès 7 ans"
T04,t04-le-mysterieux-argent-de-papier,9798278978381,10,"carré environ 15 × 15 cm",38,"dès 7 ans"
T05,t05-la-boussole-invisible,9798244369113,10,"carré environ 15 × 15 cm",38,"dès 7 ans"
T06,t06-le-ruban-de-solidarite,9798245716176,10,"carré environ 15 × 15 cm",38,"dès 7 ans"
T07,t07-une-histoire-de-jardin,9798250128247,10,"carré environ 15 × 15 cm",38,"dès 7 ans"
T08,t08-le-pont-du-consentement,9798252952819,10,"carré environ 15 × 15 cm",38,"dès 7 ans"
T09,t09-quand-le-gardien-oublie-sa-mission,9798253904756,10,"carré environ 15 × 15 cm",38,"dès 7 ans"
T10,t10-la-foire-aux-mille-prix,9798254853046,10,"carré environ 15 × 15 cm",38,"dès 7 ans"
